{"cameraMode":{"drawMode":0,"name":"Shaded","section":"Shading Mode"},"sceneLighting":true,"audioPlay":false,"sceneViewState":{"showFog":true,"showMaterialUpdate":false,"showSkybox":true,"showFlares":true,"showImageEffects":true,"showParticleSystems":true,"showVisualEffectGraphs":true,"m_FxEnabled":true},"in2DMode":false,"pivot":{"x":0.9116978645324707,"y":17.455101013183595,"z":-14.127492904663086},"rotation":{"x":0.5544482469558716,"y":0.012268049642443657,"z":-0.008627102710306645,"w":0.8327706456184387},"size":12.901947021484375,"orthographic":false}